{"cameraMode":{"drawMode":0,"name":"Shaded","section":"Shading Mode"},"sceneLighting":true,"audioPlay":false,"sceneViewState":{"m_AlwaysRefresh":false,"showFog":true,"showSkybox":true,"showFlares":true,"showImageEffects":true,"showParticleSystems":true,"showVisualEffectGraphs":true,"m_FxEnabled":true},"in2DMode":false,"pivot":{"x":2.276742458343506,"y":0.3799036741256714,"z":6.156746864318848},"rotation":{"x":-0.06367217749357224,"y":-0.12362810224294663,"z":0.007946471683681012,"w":-0.9902602434158325},"size":6.804105281829834,"orthographic":false}