{"cameraMode":{"drawMode":0,"name":"Shaded","section":"Shading Mode"},"sceneLighting":true,"audioPlay":false,"sceneViewState":{"m_AlwaysRefresh":false,"showFog":true,"showSkybox":true,"showFlares":true,"showImageEffects":true,"showParticleSystems":true,"showVisualEffectGraphs":true,"m_FxEnabled":true},"in2DMode":false,"pivot":{"x":6.493663311004639,"y":-1.3926116228103638,"z":0.9425556063652039},"rotation":{"x":-0.09321443736553192,"y":-0.26692119240760805,"z":0.025947127491235734,"w":-0.9588527679443359},"size":7.373871803283691,"orthographic":false}